sender,receiver,weight
lbukunAA,lbukunAA,1
bretsw,bretsw,6
bretsw,eromerohall,3
bretsw,FakeBobGagne,4
AECT,jmenglund03,2
correia65,AnnaRoseLeach,6
caranorth11,FredWBaker,6
PaulineMuljana,tintinluo,6
PaulineMuljana,AmyLomellini_ID,6
PaulineMuljana,WEHSLibrary,2
PaulineMuljana,robmoore3,7
PaulineMuljana,soniastic,2
nicolapallitt,aectclt,15
nicolapallitt,eromerohall,2
michaelmgrant,FakeBobGagne,2
michaelmgrant,DKSch,4
michaelmgrant,gsa_aect,18
michaelmgrant,nicolapallitt,8
michaelmgrant,robmoore3,2
michaelmgrant,EdTech_UofSC,6
jeroen69,jeroen69,3
jeroen69,vdennen,2
teacherrogers,teacherrogers,3
FredWBaker,caranorth11,3
WorldEdUS,WorldEdUS,2
yinbk,jonbecker,2
yinbk,DrVirtuality,6
yinbk,yinbk,1
jmenglund03,bonni208,2
jmenglund03,PaulineMuljana,4
jmenglund03,SBarksway,5
KuiXiePHD,LiuJh_Christie,2
KuiXiePHD,Happy_Tao,4
AnnaRoseLeach,michaelmgrant,2
DrTerriC,Livn2Learn,2
DrTerriC,mete_akca,3
DKSch,DKSch,3
FakeBobGagne,eyer,2
FakeBobGagne,FredWBaker,2
steph_moore,steph_moore,1
pazureka,SBarksway,5
pazureka,bretsw,2
pazureka,Katelenert,2
_valeriei,eromerohall,2
SBarksway,pazureka,4
arasbozkurt,eromerohall,5
arasbozkurt,arasbozkurt,2
NancyeBlackEdu,DrVirtuality,3
NancyeBlackEdu,WEHSLibrary,2
TAmankwatia,TAmankwatia,1
jennkepka,jennkepka,1
36trusso,WilsonInEdu,2
chloed2040,jeroen69,4
Livn2Learn,trishuhl,2
taevans,AECT,2
tadousay,FakeBobGagne,2
tadousay,gravesle,2
lbukunAA,emergeAfrica,3
lbukunAA,tutaleni,8
lbukunAA,PaulineMuljana,3
lbukunAA,_ThanhDo,1
lbukunAA,nicolapallitt,5
vt_idt,veletsianos,2
vt_idt,onmyway2here,2
bretsw,susiegronseth,4
bretsw,nangur1,4
bretsw,tutaleni,2
bretsw,DrRossPerkins,6
bretsw,caranorth11,4
bretsw,gsa_aect,2
bretsw,techedges,2
bretsw,w200zmn,2
bretsw,vdennen,2
bretsw,aectrtd,3
bretsw,AECT,6
bretsw,RitaFennelly,2
AECT,Learnics_,1
AECT,SBarksway,7
AECT,gravesle,2
AECT,bretsw,27
AECT,DrTerriC,10
AECT,MuratTurkEd,4
AECT,AnnaRoseLeach,7
AECT,EdTechAGP,2
AECT,NeumannKL,2
AECT,MelGoodEDU,2
AECT,rmreese1,10
AECT,onmyway2here,4
AECT,robmoore3,24
AECT,MDRogers360,1
AECT,emergeAfrica,6
AECT,idtesu,16
AECT,FanXU92073425,6
AECT,ISLT_FSU,34
AECT,nicolapallitt,26
AECT,LiuJh_Christie,11
AECT,CaseyHi29640551,4
AECT,aectclt,20
AECT,matt_m_schmidt,6
AECT,WilsonInEdu,6
AECT,hampthephd,13
AECT,ifenthaler,6
AECT,kariword,7
AECT,Happy_Tao,5
AECT,ChangeIt4Better,22
AECT,RitaFennelly,38
AECT,Kadeshaaa_,2
AECT,hodgesc,21
AECT,DrVirtuality,33
AECT,Chiffonbest,4
AECT,MeganCMurtaugh,7
AECT,tutaleni,18
AECT,FredWBaker,8
AECT,michaelmgrant,49
AECT,pazureka,14
AECT,aectrtd,3
AECT,gsa_aect,28
AECT,yinbk,8
AECT,jeroen69,9
AECT,ZhenXu0905,2
AECT,LearnEngage,28
AECT,ericpaulrogers,6
AECT,jennkepka,8
AECT,TAmankwatia,2
AECT,koubenec,10
AECT,nangur1,20
AECT,chloed2040,4
AECT,PaulineMuljana,18
AECT,srogidd,9
AECT,dctrcurry,21
AECT,SURTThomas,6
AECT,Captain_Fess,4
AECT,kzenovka,8
AECT,DKSch,6
AECT,troman,3
AECT,C21U,2
AECT,ChildsElizabeth,2
AECT,arasbozkurt,10
AECT,DrRossPerkins,7
AECT,ruitammyhuang,5
AECT,nikiwats23,4
AECT,EdTech_Books,3
AECT,art_brownlow,4
AECT,Stephsteph83,4
AECT,AllisonHallAZ,6
AECT,richardewest,6
AECT,techedges,2
AECT,tkolski716,2
AECT,schmik7,4
AECT,FakeBobGagne,2
AECT,tadousay,12
AECT,KuiXiePHD,4
AECT,AlianaZhu,2
AECT,caranorth11,11
AECT,JCHEResearch,2
AECT,profoyarzun,5
AECT,d_mulder,10
AECT,OlgaCataliina,2
AECT,UF_COE,2
AECT,RealMelissaWarr,4
AECT,johnhiltoniii,2
AECT,kolorkid,13
AECT,MarcusChildress,2
AECT,RoutledgeEd,4
AECT,nateturcotte22,5
AECT,valarywithawhy,4
AECT,AmyLomellini_ID,9
AECT,WorldEdUS,2
AECT,JenM,7
AECT,marshallgjones,2
AECT,AectInternship,2
AECT,jjm09,4
AECT,VanekJen,2
AECT,UT_IDT,6
AECT,jcmadison2007,2
AECT,aectddl,5
AECT,rebeccamclark87,4
AECT,HsuBSU,2
AECT,EmmaMMercier,2
AECT,EINS_Institute,2
AECT,TaraBunag,2
AECT,SmithShannonM,2
AECT,teacherrogers,2
AECT,NaterciaValle,1
AECT,lbukunAA,1
AECT,aectdddivision,3
AECT,FiratSarsar,2
AECT,EdTech_UofSC,4
AECT,michelestork,3
AECT,KinardWidad,2
AECT,vdennen,4
AECT,ekowch,3
AECT,eme2040laurenv,2
AECT,Gaston_teach,2
AECT,jbrishke,2
AECT,susiegronseth,3
AECT,steph_moore,3
SebLopJr,RitaFennelly,6
SebLopJr,AECT,5
correia65,FanXU92073425,3
correia65,AECT,3
wavinya66,nicolapallitt,11
wavinya66,LiuJh_Christie,2
wavinya66,hodgesc,2
wavinya66,emergeAfrica,8
koubenec,FredWBaker,2
koubenec,emergeAfrica,2
koubenec,hodgesc,2
koubenec,AECT,9
caranorth11,AECT,3
caranorth11,AnnaRoseLeach,8
caranorth11,LearnEngage,2
caranorth11,tadousay,2
Tech_DrL,KathyMansfield,2
Tech_DrL,kariword,1
rstatstweet,bretsw,2
PaulineMuljana,bretsw,2
PaulineMuljana,hodgesc,2
PaulineMuljana,NeumannKL,2
PaulineMuljana,DrRossPerkins,3
PaulineMuljana,JCHEResearch,2
harmonygritz,veletsianos,2
vrodes,veletsianos,2
Lucyappert,veletsianos,2
tutaleni,emergeAfrica,4
tutaleni,nicolapallitt,6
tutaleni,NeumannKL,2
tutaleni,jeroen69,4
tutaleni,aectclt,3
tutaleni,PaulineMuljana,3
tutaleni,tadousay,2
tutaleni,troman,2
tutaleni,_ThanhDo,1
tutaleni,AECT,6
UMassLinguistic,veletsianos,2
gsa_aect,tadousay,2
gsa_aect,AECT,3
leohavemann,veletsianos,2
sukainaw,veletsianos,2
emergeAfrica,nicolapallitt,16
emergeAfrica,hodgesc,2
emergeAfrica,tadousay,2
emergeAfrica,LiuJh_Christie,2
emergeAfrica,DrVirtuality,2
emergeAfrica,veletsianos,2
emergeAfrica,richardewest,2
emergeAfrica,robmoore3,2
emergeAfrica,aectclt,5
nicolapallitt,tutaleni,4
nicolapallitt,srogidd,3
nicolapallitt,KuiXiePHD,1
nicolapallitt,LiuJh_Christie,3
nicolapallitt,emergeAfrica,9
nicolapallitt,LearnEngage,2
nicolapallitt,robmoore3,2
nicolapallitt,DKSch,2
GabrielKonayuma,emergeAfrica,3
GabrielKonayuma,veletsianos,2
GabrielKonayuma,nicolapallitt,5
constatively,veletsianos,2
constatively,FredWBaker,4
constatively,hodgesc,2
constatively,LearnEngage,2
LiuJh_Christie,emergeAfrica,8
LiuJh_Christie,srogidd,12
LiuJh_Christie,hodgesc,4
LiuJh_Christie,nicolapallitt,19
LiuJh_Christie,TAmankwatia,2
LiuJh_Christie,veletsianos,2
LiuJh_Christie,tutaleni,6
LiuJh_Christie,KuiXiePHD,1
LiuJh_Christie,FanXU92073425,2
LiuJh_Christie,PaulineMuljana,2
LiuJh_Christie,LearnEngage,2
LiuJh_Christie,DKSch,3
LiuJh_Christie,AECT,21
onmyway2here,veletsianos,2
Harriet96152202,RoutledgeEd,2
MattheaMarquart,veletsianos,2
treymartindale,MeganCMurtaugh,2
treymartindale,AECT,4
the80kcrew,caranorth11,5
the80kcrew,AnnaRoseLeach,2
Chri5rowell,veletsianos,2
ETHEjournal,veletsianos,2
michaelmgrant,steph_moore,2
michaelmgrant,ISLT_FSU,3
michaelmgrant,KuiXiePHD,1
michaelmgrant,DrTerriC,3
michaelmgrant,LearnEngage,3
michaelmgrant,AECT,33
michaelmgrant,dctrcurry,21
michaelmgrant,matt_m_schmidt,4
michaelmgrant,FredWBaker,4
michaelmgrant,AnnaRoseLeach,2
michaelmgrant,JCHEResearch,2
michaelmgrant,jeroen69,4
michaelmgrant,hodgesc,4
michaelmgrant,aectclt,5
michaelmgrant,Happy_Tao,2
michaelmgrant,ifenthaler,2
michaelmgrant,ZhenXu0905,2
michaelmgrant,valarywithawhy,2
michaelmgrant,rebeccamclark87,2
michaelmgrant,TAmankwatia,2
michaelmgrant,ruitammyhuang,1
michaelmgrant,art_brownlow,2
michaelmgrant,MuratTurkEd,3
michaelmgrant,tkolski716,2
michaelmgrant,JenM,3
michaelmgrant,veletsianos,2
michaelmgrant,AectInternship,2
michaelmgrant,OlgaCataliina,2
michaelmgrant,jcmadison2007,2
michaelmgrant,tadousay,4
michaelmgrant,kolorkid,3
michaelmgrant,rmreese1,2
michaelmgrant,aectddl,4
michaelmgrant,koubenec,4
michaelmgrant,SmithShannonM,2
michaelmgrant,AmyLomellini_ID,2
aectclt,LiuJh_Christie,1
aectclt,nicolapallitt,3
aectclt,michaelmgrant,2
MargyMacLibrary,veletsianos,2
ifyouaskbetty,caranorth11,2
DrFrankGomez,AECT,2
shonn2nd,aectrtd,2
aectddl,AECT,5
aectddl,aectddl,3
aectddl,dctrcurry,2
aectddl,rmreese1,2
RitaFennelly,veletsianos,2
RitaFennelly,kariword,1
CherylHW,AECT,2
clement_abai,gsa_aect,2
markoteras,veletsianos,2
pattishank,caranorth11,2
SuzanKoseoglu,veletsianos,2
SuzanKoseoglu,nangur1,2
SuzanKoseoglu,jeroen69,2
MarkJ_ohnson,veletsianos,2
MarkJ_ohnson,ISLT_FSU,2
hodgesc,veletsianos,2
hodgesc,FredWBaker,4
hodgesc,AECT,5
DavidGilbertVO,caranorth11,5
DavidGilbertVO,AnnaRoseLeach,2
marshallgjones,AECT,8
marshallgjones,hodgesc,2
lsbu_crit,veletsianos,2
Mohamedmetwa,emergeAfrica,2
ELTAugusta,veletsianos,2
cherybrown,veletsianos,2
AECTTechTrends,hodgesc,6
AECTTechTrends,HsuBSU,2
AECTTechTrends,tadousay,2
AECTTechTrends,FredWBaker,2
_COER_,veletsianos,2
SprintbaseB,FredWBaker,2
SprintbaseB,sjojackson,2
SURTThomas,AECT,15
SURTThomas,tutaleni,2
SURTThomas,caranorth11,2
SURTThomas,FredWBaker,4
SURTThomas,teacherrogers,2
SURTThomas,FakeBobGagne,8
SURTThomas,ekowch,2
SURTThomas,Gaston_teach,2
WilsonInEdu,AECT,4
WilsonInEdu,hodgesc,2
WilsonInEdu,arasbozkurt,3
WilsonInEdu,AmyLomellini_ID,2
GovenderShanali,nicolapallitt,2
TheIDMD,AECT,2
jeroen69,PaulineMuljana,2
heidilundsgaard,SBarksway,2
nataliebmilman,FredWBaker,2
veletsianos,EdTech_Books,2
veletsianos,tutaleni,2
veletsianos,roycekimmons,2
teacherrogers,susiegronseth,2
teacherrogers,DrVirtuality,4
teacherrogers,ChangeIt4Better,6
teacherrogers,MeganCMurtaugh,2
teacherrogers,rmreese1,4
teacherrogers,MuratTurkEd,1
teacherrogers,jeroen69,2
teacherrogers,hodgesc,2
teacherrogers,arasbozkurt,2
teacherrogers,ISLT_FSU,2
teacherrogers,art_brownlow,2
teacherrogers,FredWBaker,2
teacherrogers,ruitammyhuang,1
teacherrogers,nangur1,2
teacherrogers,Happy_Tao,2
teacherrogers,aectclt,4
teacherrogers,srogidd,2
teacherrogers,RitaFennelly,2
teacherrogers,AECT,12
teacherrogers,LearnEngage,2
teacherrogers,richardewest,2
FredWBaker,FredWBaker,2
FredWBaker,michaelmgrant,2
FredWBaker,tadousay,2
FredWBaker,AECT,8
FredWBaker,hodgesc,2
DanDubien,veletsianos,2
scc_dr_johnson,VanekJen,2
memoryacademyge,caranorth11,2
AmyLomellini_ID,nicolapallitt,5
AmyLomellini_ID,emergeAfrica,2
AmyLomellini_ID,DrTerriC,2
ruitammyhuang,hampthephd,8
ruitammyhuang,UF_COE,4
14prinsp,nicolapallitt,2
TheMakerBit,rebeccamclark87,4
mkerres,AECT,2
michele_estes,veletsianos,2
michele_estes,steph_moore,2
carinavr,nicolapallitt,2
EINS_Institute,kolorkid,3
EINS_Institute,tadousay,2
EINS_Institute,FredWBaker,2
EINS_Institute,steph_moore,2
EINS_Institute,richardewest,2
Czernie,nicolapallitt,2
WorldEdUS,VanekJen,2
tony_emerge,emergeAfrica,2
Bali_Maha,emergeAfrica,2
Bali_Maha,arasbozkurt,2
ISdeptDUT,emergeAfrica,2
CLT_COED,UF_COE,2
yuuki5000,AECT,4
akesha,LiuJh_Christie,1
robmoore3,hodgesc,2
robmoore3,plowenthal,4
robmoore3,tadousay,2
robmoore3,ChangeIt4Better,2
robmoore3,UF_COE,2
robmoore3,PaulineMuljana,6
robmoore3,nikiwats23,2
jmenglund03,jennkepka,2
jmenglund03,LearnEngage,6
jmenglund03,johnhiltoniii,2
jmenglund03,AnnaRoseLeach,2
jmenglund03,VanekJen,2
jmenglund03,pazureka,2
francesmarg,tutaleni,2
francesmarg,NeumannKL,4
francesmarg,gsa_aect,2
francesmarg,tadousay,2
francesmarg,AECT,4
kellyeross16,DrTerriC,2
edudrake2,jeroen69,2
troman,WilsonInEdu,2
HsuBSU,HsuBSU,2
HsuBSU,EdTechAGP,1
HsuBSU,hodgesc,7
ImFutureReady,RoutledgeEd,2
EdTechSandyK,RoutledgeEd,2
KuiXiePHD,NeumannKL,2
KuiXiePHD,AECT,3
jjm09,jeroen69,2
jjm09,DKSch,2
KateWeaver80,SBarksway,2
jweeble,tutaleni,2
jweeble,hodgesc,2
francesbell,TenaciousTan,2
AnnaRoseLeach,caranorth11,8
MDRogers360,hodgesc,2
MDRogers360,michaelmgrant,2
MDRogers360,tadousay,2
LEDresearch,FanXU92073425,2
widged,DKSch,2
DrTerriC,techedges,2
eyer,yuuki5000,2
ScalarHumanity,michelestork,2
ScalarHumanity,jjm09,2
LaurenBagdy,bretsw,2
Captain_Fess,michelestork,3
Nasmahan1,richardewest,2
profoyarzun,AECT,2
profoyarzun,robmoore3,2
profoyarzun,d_mulder,2
Thinkshareteach,yuuki5000,2
yiyishishi,techedges,4
DrVirtuality,AllisonHallAZ,2
DrVirtuality,caranorth11,2
DrVirtuality,tutaleni,2
DrVirtuality,LearnEngage,2
DrVirtuality,yuuki5000,2
DrVirtuality,LiuJh_Christie,2
DrVirtuality,nangur1,2
DrVirtuality,WilsonInEdu,2
DrVirtuality,AECT,45
SchoolSportsApp,jjm09,2
DrRossPerkins,hodgesc,2
FakeBobGagne,KinardWidad,2
FakeBobGagne,marena2040,2
FakeBobGagne,veletsianos,2
FakeBobGagne,bretsw,2
techedges,steph_moore,2
BrendaPadilla,hodgesc,2
MuratTurkEd,AECT,6
MuratTurkEd,michaelmgrant,3
JulieATippens,richardewest,2
icr205,Learnics_,1
dan_holtey,pazureka,2
oueducation,DrTerriC,2
aolmstead1,kariword,1
tel_education,DrTerriC,2
dawnwright67,AmyLomellini_ID,2
TenaciousTan,jeroen69,2
pennymoved,nangur1,2
okeeffefiddle,gravesle,2
OT_Pattie,EdTech_UofSC,2
gravesle,yuuki5000,2
JCHEResearch,DrTerriC,2
kariword,ISLT_FSU,4
LearnEngage,pazureka,10
LearnEngage,ifenthaler,2
benbrown,koubenec,2
mktyrt,yuuki5000,2
ifenthaler,PaulineMuljana,4
ifenthaler,nateturcotte22,2
ifenthaler,RitaFennelly,2
steph_moore,gsa_aect,2
steph_moore,richardewest,2
steph_moore,arasbozkurt,2
steph_moore,JCHEResearch,2
TheRealMcKoo,FakeBobGagne,2
vdennen,ISLT_FSU,3
tech4teachers19,gravesle,2
JMUTLT,LiuJh_Christie,1
DLResearchLab,KuiXiePHD,3
RyanStraight,gravesle,2
pazureka,LearnEngage,14
pazureka,kariword,1
pazureka,AECT,12
valarywithawhy,SardImperium,2
tcallaghan55,tadousay,4
patrickplante,koubenec,2
buckydodd,DrTerriC,2
Tahanialdo,hodgesc,2
okstate_etc,tutaleni,10
okstate_etc,tadousay,2
hampthephd,ruitammyhuang,1
hampthephd,AECT,3
News_MSU,Chiffonbest,2
News_MSU,MelGoodEDU,2
BChirgwin,DrTerriC,2
literacyandland,hodgesc,2
MelGoodEDU,art_brownlow,2
MelGoodEDU,RitaFennelly,2
amy_c_bradshaw,KuiXiePHD,1
amy_c_bradshaw,nicolapallitt,2
CorinaPastrana,SBarksway,2
edtech_prokes,EdTechAGP,1
nangur1,bretsw,4
AECTTIL,AmyLomellini_ID,2
AECTTIL,Captain_Fess,2
AECTTIL,AECT,5
MoniIDD,ericpaulrogers,2
MoniIDD,arasbozkurt,2
MoniIDD,ISLT_FSU,7
MoniIDD,nangur1,2
MoniIDD,LearnEngage,4
MoniIDD,vdennen,2
roycekimmons,caranorth11,4
roycekimmons,EdTech_Books,3
roycekimmons,richardewest,2
_ThanhDo,tutaleni,2
arasbozkurt,pazureka,2
FanXU92073425,AECT,2
AsianJde,arasbozkurt,4
AsianJde,AECT,3
richardewest,caranorth11,2
richardewest,EdTech_Books,4
kristaruggles,jeroen69,2
traceyhabla,techedges,2
utexascoe,techedges,2
okstate_ehs,tutaleni,2
kzenovka,gsa_aect,4
kzenovka,teacherrogers,2
kcsabina_,AECT,2
kcsabina_,MarcusChildress,2
ktkjellerup,ISLT_FSU,2
Happy_Tao,EdTech_UofSC,3
Happy_Tao,aectclt,2
jayphd18,tutaleni,2
jayphd18,nicolapallitt,2
ZhongruiYao,ISLT_FSU,2
ZhongruiYao,hajeen2040,6
JenM,VanekJen,4
JenM,AECT,2
JenM,gsa_aect,3
UzaktanEgitimTR,arasbozkurt,2
grhluna24,matt_m_schmidt,2
36trusso,DKSch,2
epstrong,matt_m_schmidt,2
researchmrx,matt_m_schmidt,2
OER_Hub,arasbozkurt,2
matt_m_schmidt,roycekimmons,2
AleEscobedo_,art_brownlow,2
routledgebooks,RoutledgeEd,2
anna_ksigou,matt_m_schmidt,2
Calcaware,LiuJh_Christie,1
mreed_reads,idtesu,6
USouthAL_CoInS,Gaston_teach,2
EdTech_UofSC,AECT,3
yvzkblt,arasbozkurt,2
jmhenner,jennkepka,2
mkbtuc,RitaFennelly,2
JNWhiting,johnhiltoniii,2
yokufunda,EdTech_Books,2
EHinesPhD,ISLT_FSU,2
bass_gm,RoutledgeEd,2
Origin_Learning,caranorth11,2
drclintonlisell,johnhiltoniii,2
TTC_ESU,idtesu,6
KSUITEC,Stephsteph83,3
Durrahville,Stephsteph83,2
drjabaricain,Stephsteph83,2
EvidenceRobot,ruitammyhuang,1
EvidenceRobot,WilsonInEdu,2
Ekateri52105267,EdTech_Books,2
UT_IDT,caranorth11,2
UT_IDT,ChangeIt4Better,2
JMUEngaged,LiuJh_Christie,1
dctrcurry,AECT,11
Isaac75203895,idtesu,2
hajeen2040,ISLT_FSU,7
hajeen2040,pazureka,2
KristenBrooks77,Stephsteph83,2
andrewatawfik,PaulineMuljana,4
andrewatawfik,gsa_aect,2
Johnnie_Jiao,Kadeshaaa_,2
Johnnie_Jiao,MuratTurkEd,1
BoufflersLydie,DKSch,2
Alhareeri,idtesu,2
Alhareeri,art_brownlow,2
DawnMSnyder,caranorth11,2
Supt_comalisd,KathyMansfield,2
SambitPhD,LuEMLawrence,2
JJ1206,EmmaMMercier,2
LT_UMN,pazureka,2
sjblevin,AECT,2
nateturcotte22,tadousay,2
nateturcotte22,gsa_aect,4
MarlettDon,LF_Hampton,2
Livn2Learn,RitaFennelly,2
ksuiteach,KSUITEC,3
nicole_youmans,WilsonInEdu,2
ElaTheGrad,FredWBaker,2
ElaTheGrad,PaulineMuljana,4
hhuijser,ifenthaler,2
yaukable,pazureka,2
LightbulbJo,AnnaRoseLeach,2
LightbulbJo,caranorth11,3
NevadaEdChat,DrTerriC,4
AectInternship,gsa_aect,2
cmmarqua,KuiXiePHD,1
designthinkbot,kariword,1
lurdinharlnunes,AECT,2
aectdddivision,JenM,2
claimcompanies,tutaleni,2
MhammedSahafi,WilsonInEdu,2
UofSC_CTE,michaelmgrant,2
srogidd,teacherrogers,2
LearningFocused,LF_Hampton,2
Natachu,AnnaRoseLeach,2
MissKBurek,DrVirtuality,2
lxdify,caranorth11,2
livesimpleread,AnnaRoseLeach,2
mwhaile,AnnaRoseLeach,2
PhDprep,AnnaRoseLeach,2
DonnyBoy71,AnnaRoseLeach,2
rdfossey,ekowch,2
klillico72,valarywithawhy,2
Mike_Kunkle,AnnaRoseLeach,2
ChristyATucker,AnnaRoseLeach,2
Joseph_Suarez,AnnaRoseLeach,2
MMJoly,DKSch,2
AYSUN_GUNES,teacherrogers,2
FacLabUnige,DKSch,2
TheTracieCantu,caranorth11,2
TeddyISD,LearnEngage,2
MTroyMartin,roycekimmons,2
tugcealdemirpsu,PaulineMuljana,2
cscharber,AECT,2
guywwallace,FredWBaker,2
Tech_DrL,AECT,1
PaulineMuljana,gsa_aect,9
PaulineMuljana,ifenthaler,5
PaulineMuljana,nateturcotte22,1
gsa_aect,gsa_aect,4
emergeAfrica,emergeAfrica,3
emergeAfrica,tutaleni,1
LiuJh_Christie,LiuJh_Christie,1
LiuJh_Christie,ekowch,1
marshallgjones,michaelmgrant,1
marshallgjones,Profpatrice,1
TheIDMD,President_NCU,1
veletsianos,FakeBobGagne,1
AmyLomellini_ID,gsa_aect,4
JolieKennedy,randomor,1
EINS_Institute,opencontent,1
robmoore3,robmoore3,2
troman,tutaleni,2
MarcusChildress,michaelmgrant,1
NeumannKL,NeumannKL,1
DrTerriC,DrVirtuality,2
DrTerriC,hodgesc,1
DrTerriC,DrTerriC,1
DrTerriC,KWhiteheadLab,1
DrTerriC,arasbozkurt,1
DrTerriC,eGeeking,2
DrTerriC,LCHS_Physics,1
Captain_Fess,AECT,8
DrVirtuality,hodgesc,1
DrVirtuality,Captain_Fess,1
DrVirtuality,michaelmgrant,1
DrVirtuality,art_brownlow,1
FakeBobGagne,johnbrindletel,1
FakeBobGagne,AECT,1
FakeBobGagne,richardewest,1
ChangeIt4Better,hodgesc,2
DeLibrosCorazon,gravesle,2
AlyssaDepury,pazureka,1
TenaciousTan,yinbk,1
d_mulder,jennkepka,1
ISLT_FSU,ISLT_FSU,2
ISLT_FSU,MuratTurkEd,1
LearnEngage,michaelmgrant,1
LearnEngage,koubenec,1
tintinluo,PaulineMuljana,1
ericpaulrogers,KuiXiePHD,1
valarywithawhy,LearnEngage,1
nangur1,nicolapallitt,1
JenM,DrRossPerkins,2
DrSandraOK,edtechIITB,1
SmithShannonM,eme2040laurenv,1
SmithShannonM,DKSch,1
KSUITEC,WilsonInEdu,1
Stephsteph83,ksuiteach,3
dctrcurry,michaelmgrant,15
hajeen2040,nangur1,1
hajeen2040,bretsw,2
eme2040laurenv,SmithShannonM,1
Kadeshaaa_,DrVirtuality,1
quincyconley,art_brownlow,1
EmmaMMercier,LuEMLawrence,2
sjojackson,kariword,1
design4learn,JenM,1
LF_Hampton,hampthephd,1
tadousay,AECTTechTrends,1
tadousay,gsa_aect,1
tadousay,AECT,1
tadousay,JenM,1
tadousay,tadousay,1
tadousay,tedaect,1
lbukunAA,AECT,2
lbukunAA,EdTechOkstate,2
aectrtd,AECT,1
bretsw,professordaveme,1
bretsw,UHCOE,1
bretsw,GingerWatsonPhD,6
bretsw,spgreenhalgh,5
bretsw,rstudio,4
bretsw,veletsianos,1
bretsw,LaurenBagdy,2
bretsw,utexascoe,1
bretsw,ISLT_FSU,1
bretsw,steph_moore,1
bretsw,jrosenberg6432,1
AECT,jrosenberg6432,1
AECT,GingerWatsonPhD,1
AECT,AECT,93
AECT,francesmarg,1
AECT,LaurenBagdy,4
AECT,correia65,2
AECT,IndianaUniv,1
AECT,liujuhong,2
AECT,KSUITEC,2
AECT,SpringerEdu,2
AECT,kristaruggles,1
AECT,aect19,1
AECT,epsODU,2
AECT,Giacumo,1
AECT,edneuro,1
AECT,smreeves1,1
AECT,utahstateITLS,1
AECT,"NATO_ACT",1
AECT,khuett,1
AECT,adriannewilson_,1
AECT,github,3
AECT,ThomasLamey1,6
AECT,GeorgiaTech,1
AECT,UWF,1
AECT,AECTTechTrends,8
AECT,eromerohall,2
AECT,utexascoe,1
AECT,SpheroEdu,2
AECT,classcraftgame,1
AECT,spgreenhalgh,3
AECT,AllonsDanser,1
AECT,VVongkulluksn,2
AECT,Nelsmich,2
AECT,hawk_nathanA,2
AECT,KristenLearning,1
AECT,ge_xun,2
AECT,travelinedman,1
AECT,JoiMoore,1
AECT,camille_dd,2
AECT,edtechbsu,2
AECT,roycekimmons,1
AECT,SKEdTech,1
AECT,AlbertRitzhaupt,2
AECT,kiranbudhrani,2
AECT,opencontent,2
AECT,veletsianos,1
AECT,UNTsocial,1
AECT,ECNUER,1
AECT,zoom_us,1
AECT,AmeriCorps,1
AECT,edtech_prokes,1
AECT,plowenthal,2
AECT,NancyeBlackEdu,1
AECT,UofTampa,1
AECT,univmiami,1
AECT,MSU_EDD,1
AECT,IUSchoolofEd,1
AECT,fsu,1
AECT,SICET,3
AECT,ll351,1
AECT,TheMakerBit,2
AECT,ShengBo_Chen,1
AECT,DLResearchLab,1
AECT,AECTTIL,1
AECT,LuEMLawrence,1
AECT,edILLINOIS,1
AECT,UMNews,1
AECT,tintinluo,3
AECT,ConnectWise,1
AECT,jennird,1
AECT,caet,1
AECT,WestgateVegas,1
AECT,rajansock,1
AECT,HoyetHemphill,1
AECT,UofSCEducation,1
AECT,Flipgrid,1
AECT,okstate,1
AECT,"NASA",1
AECT,akesha,2
AECT,design4learn,1
AECT,rogerwagner,1
AECT,EdTechOkstate,1
AECT,andrewatawfik,2
AECT,amy_c_bradshaw,1
AECT,eAngelaBenson,1
AECT,jweeble,1
AECT,professordaveme,1
AECT,UHCOE,1
AECT,RobBranch,1
AECT,ksuiteach,1
SebLopJr,andrewatawfik,1
correia65,correia65,1
correia65,travelinedman,1
correia65,caranorth11,1
correia65,myramade,1
wavinya66,AECT,7
wavinya66,aectclt,3
wavinya66,aectdddivision,1
wavinya66,AmyLomellini_ID,1
wavinya66,SpringerEdu,1
koubenec,EdTech_UofSC,2
koubenec,nicolapallitt,1
koubenec,github,3
koubenec,Happy_Tao,1
koubenec,TAmankwatia,1
koubenec,AECTTechTrends,1
koubenec,GitHubDesktop,1
koubenec,chatfuel,1
koubenec,utahstateITLS,1
koubenec,"NATO_ACT",1
caranorth11,lxdify,2
caranorth11,yourskillshub,1
caranorth11,Quinnovator,1
caranorth11,roycekimmons,4
caranorth11,caranorth11,1
caranorth11,jachutchinson,2
caranorth11,AECTTechTrends,1
caranorth11,JenM,2
caranorth11,KristenLearning,1
caranorth11,GingerWatsonPhD,1
caranorth11,eromerohall,1
caranorth11,jmenglund03,1
Tech_DrL,RitaFennelly,1
Tech_DrL,WEHSLibrary,1
rstatstweet,eromerohall,1
PaulineMuljana,cppelearning,1
PaulineMuljana,calpolypomona,1
PaulineMuljana,aectrtd,1
PaulineMuljana,AECT,7
PaulineMuljana,AECTTechTrends,1
PaulineMuljana,plowenthal,2
PaulineMuljana,Flipgrid,1
PaulineMuljana,aac3,2
PaulineMuljana,eromerohall,2
PaulineMuljana,epsODU,2
PaulineMuljana,nicolapallitt,1
PaulineMuljana,AllisonHallAZ,1
PaulineMuljana,d_mulder,1
PaulineMuljana,JenM,4
PaulineMuljana,UmbrellaMichela,2
PaulineMuljana,francesmarg,1
PaulineMuljana,andrewatawfik,2
PaulineMuljana,AECTGSA,1
PaulineMuljana,Stephsteph83,1
PaulineMuljana,NancyeBlackEdu,1
PaulineMuljana,tugcealdemirpsu,1
PaulineMuljana,ClaraSophiaS,1
tutaleni,jweeble,1
tutaleni,EdTechOkstate,3
tutaleni,francesmarg,1
tutaleni,akesha,1
tutaleni,gsa_aect,1
tutaleni,tutaleni,1
gsa_aect,AECTTechTrends,1
gsa_aect,michaelmgrant,3
gsa_aect,dctrcurry,2
gsa_aect,andrewatawfik,1
gsa_aect,rmreese1,1
emergeAfrica,camille_dd,1
emergeAfrica,SpringerEdu,1
emergeAfrica,AECT,8
emergeAfrica,akesha,1
nicolapallitt,camille_dd,2
nicolapallitt,AECT,20
nicolapallitt,zoom_us,1
nicolapallitt,ge_xun,1
nicolapallitt,veletsianos,1
nicolapallitt,nicolapallitt,4
nicolapallitt,AmyLomellini_ID,2
nicolapallitt,akesha,2
nicolapallitt,UNTsocial,1
nicolapallitt,ECNUER,1
nicolapallitt,amy_c_bradshaw,1
nicolapallitt,liujuhong,2
nicolapallitt,michaelmgrant,1
nicolapallitt,eAngelaBenson,2
nicolapallitt,tadousay,1
nicolapallitt,jweeble,1
nicolapallitt,anusbrah,1
nicolapallitt,aslam_fataar,1
nicolapallitt,aectdddivision,2
nicolapallitt,AZambodl,1
GabrielKonayuma,AECT,1
GabrielKonayuma,camille_dd,1
constatively,AECTTechTrends,1
LiuJh_Christie,SICET,4
LiuJh_Christie,ll351,2
LiuJh_Christie,ge_xun,5
LiuJh_Christie,Happy_Tao,3
LiuJh_Christie,jjm09,1
LiuJh_Christie,AECTTechTrends,1
LiuJh_Christie,aectdddivision,3
LiuJh_Christie,aectddl,2
LiuJh_Christie,aectclt,13
LiuJh_Christie,camille_dd,1
LiuJh_Christie,teacherrogers,1
LiuJh_Christie,michaelmgrant,2
LiuJh_Christie,barblockee,1
LiuJh_Christie,amy_c_bradshaw,2
LiuJh_Christie,AmyLomellini_ID,2
LiuJh_Christie,dctrcurry,1
LiuJh_Christie,UNTsocial,1
LiuJh_Christie,ECNUER,1
LiuJh_Christie,eAngelaBenson,1
LiuJh_Christie,caet,1
LiuJh_Christie,anusbrah,1
LiuJh_Christie,IndianaUniv,1
LiuJh_Christie,JMUlibraries,1
LiuJh_Christie,JMU,1
michaelmgrant,emergeAfrica,2
michaelmgrant,michaelmgrant,13
michaelmgrant,AECTTechTrends,5
michaelmgrant,caranorth11,1
michaelmgrant,akesha,3
michaelmgrant,tutaleni,2
michaelmgrant,amy_c_bradshaw,2
michaelmgrant,liujuhong,2
michaelmgrant,srogidd,2
michaelmgrant,eAngelaBenson,2
michaelmgrant,jweeble,2
michaelmgrant,camille_dd,1
michaelmgrant,SpringerEdu,1
michaelmgrant,edneuro,1
michaelmgrant,smreeves1,1
michaelmgrant,TheMakerBit,1
michaelmgrant,aectdddivision,1
michaelmgrant,design4learn,1
michaelmgrant,kiranbudhrani,1
michaelmgrant,LaurenBagdy,1
michaelmgrant,nateturcotte22,1
michaelmgrant,UofSCEducation,2
michaelmgrant,RobBranch,1
aectclt,AECT,3
aectclt,aectclt,2
aectclt,emergeAfrica,2
aectclt,aectdddivision,1
aectclt,liujuhong,2
aectclt,akesha,1
aectclt,tutaleni,1
aectclt,amy_c_bradshaw,1
aectclt,srogidd,1
aectclt,LearnEngage,1
aectclt,gsa_aect,1
aectclt,AECTTechTrends,1
shonn2nd,AECT,1
aectddl,michaelmgrant,1
RitaFennelly,zoom_us,1
RitaFennelly,AECT,20
RitaFennelly,andrewatawfik,3
RitaFennelly,JenM,1
RitaFennelly,AmyLomellini_ID,1
RitaFennelly,ifenthaler,1
RitaFennelly,JoiMoore,1
RitaFennelly,ProDevBen,1
RitaFennelly,katie_nicksic,1
RitaFennelly,SoniaReneeAlva1,1
RitaFennelly,dctrcurry,2
RitaFennelly,eromerohall,1
hodgesc,AECTTechTrends,6
hodgesc,techedges,1
hodgesc,michaelmgrant,2
hodgesc,DrTerriC,1
hodgesc,dctrcurry,1
hodgesc,SpringerEdu,1
DavidGilbertVO,yourskillshub,1
marshallgjones,AECTTechTrends,1
Mohamedmetwa,nicolapallitt,1
Mohamedmetwa,AECT,1
AECTTechTrends,AECTTechTrends,4
AECTTechTrends,AECT,1
AECTTechTrends,gsa_aect,1
SURTThomas,EdTechOkstate,1
SURTThomas,JenM,1
SURTThomas,roycekimmons,1
SURTThomas,UWF,1
SURTThomas,AECTTechTrends,1
SURTThomas,UofSouthAlabama,1
WilsonInEdu,TacosElGordo_,1
WilsonInEdu,tedaect,1
WilsonInEdu,Stephsteph83,1
WilsonInEdu,KSUITEC,3
WilsonInEdu,kennesawstate,3
WilsonInEdu,YiJin39,1
WilsonInEdu,troman,1
WilsonInEdu,AECTTechTrends,1
WilsonInEdu,michaelmgrant,1
WilsonInEdu,gsa_aect,1
WilsonInEdu,JenM,1
WilsonInEdu,AlbertRitzhaupt,1
WilsonInEdu,UF_COE,1
WilsonInEdu,kristaruggles,1
GovenderShanali,aslam_fataar,1
TheIDMD,DiscussionDiva,1
TheIDMD,BarbMHall,1
jeroen69,JenM,1
jeroen69,tadousay,1
jeroen69,ISLT_FSU,1
jeroen69,tutaleni,1
jeroen69,michaelmgrant,1
jeroen69,Giacumo,1
teacherrogers,professordaveme,1
teacherrogers,UHCOE,1
teacherrogers,gsa_aect,1
teacherrogers,michaelmgrant,2
teacherrogers,ZapparApp,1
teacherrogers,AECTTechTrends,2
teacherrogers,akesha,1
teacherrogers,aectddl,1
FredWBaker,AECTTechTrends,5
memoryacademyge,yourskillshub,1
AmyLomellini_ID,AECT,4
AmyLomellini_ID,JenM,3
AmyLomellini_ID,tugcealdemirpsu,1
AmyLomellini_ID,PaulineMuljana,2
AmyLomellini_ID,michaelmgrant,1
AmyLomellini_ID,AllisonHallAZ,1
AmyLomellini_ID,d_mulder,1
AmyLomellini_ID,DrRossPerkins,1
AmyLomellini_ID,plowenthal,1
ruitammyhuang,AlbertRitzhaupt,4
ruitammyhuang,SKEdTech,1
ruitammyhuang,kiranbudhrani,1
JolieKennedy,VanekJen,1
14prinsp,aslam_fataar,1
TheMakerBit,TheMakerBit,2
carinavr,aslam_fataar,1
EINS_Institute,AECT,1
EINS_Institute,NEA,1
Czernie,aslam_fataar,1
WorldEdUS,AmeriCorps,1
tony_emerge,nicolapallitt,1
tony_emerge,AECT,1
Bali_Maha,nicolapallitt,1
Bali_Maha,AECT,1
ISdeptDUT,nicolapallitt,1
ISdeptDUT,AECT,1
yinbk,AECT,4
yinbk,TenaciousTan,1
yinbk,AllonsDanser,1
yinbk,SlideShare,1
UF_COE,SKEdTech,1
UF_COE,AlbertRitzhaupt,1
UF_COE,kiranbudhrani,1
UF_COE,AECT,1
w200zmn,AECT,1
CLT_COED,SKEdTech,1
CLT_COED,AlbertRitzhaupt,1
CLT_COED,kiranbudhrani,1
robmoore3,Flipgrid,3
robmoore3,profoyarzun,3
robmoore3,AECTTechTrends,1
robmoore3,AECT,1
robmoore3,SKEdTech,1
robmoore3,AlbertRitzhaupt,1
robmoore3,kiranbudhrani,1
robmoore3,epsODU,1
robmoore3,tintinluo,1
robmoore3,cppelearning,1
robmoore3,calpolypomona,1
robmoore3,gsa_aect,1
robmoore3,NeumannKL,1
robmoore3,yahueilu,1
robmoore3,Elisha75830,1
robmoore3,spgreenhalgh,1
jmenglund03,AmyLomellini_ID,1
jmenglund03,nicolapallitt,1
jmenglund03,H5PTechnology,1
jmenglund03,UMNews,1
jmenglund03,opencontent,1
jmenglund03,UNTsocial,1
jmenglund03,ECNUER,1
jmenglund03,caranorth11,1
jmenglund03,gsa_aect,1
francesmarg,BobBodily,1
francesmarg,francesmarg,1
kellyeross16,tel_education,1
kellyeross16,oueducation,1
troman,troman,1
troman,KSUITEC,1
HsuBSU,AECTTechTrends,4
KathyMansfield,NancyeBlackEdu,1
MarcusChildress,jseghers,1
MarcusChildress,AECT,1
MarcusChildress,kcsabina_,1
KuiXiePHD,francesmarg,1
KuiXiePHD,SICET,3
KuiXiePHD,DLResearchLab,3
KuiXiePHD,OSUehe,2
KuiXiePHD,VVongkulluksn,2
KuiXiePHD,Nelsmich,2
KuiXiePHD,hawk_nathanA,2
KuiXiePHD,ShengBo_Chen,2
KuiXiePHD,caranorth11,1
KuiXiePHD,aectddl,1
KuiXiePHD,nicolapallitt,1
KuiXiePHD,ge_xun,2
KuiXiePHD,amy_c_bradshaw,2
KuiXiePHD,tutaleni,1
KuiXiePHD,srogidd,1
KuiXiePHD,michaelmgrant,1
KuiXiePHD,barblockee,1
jjm09,AECT,2
jjm09,michelestork,1
jjm09,WilkesEdD,1
jjm09,ekowch,1
jjm09,rajansock,1
jjm09,HoyetHemphill,1
jweeble,jweeble,1
jweeble,AECTTechTrends,1
AnnaRoseLeach,correia65,3
AnnaRoseLeach,socmopodcast,1
AnnaRoseLeach,KINOGLAZAZ,1
AnnaRoseLeach,JenM,1
AnnaRoseLeach,roycekimmons,1
AnnaRoseLeach,lxdify,1
AnnaRoseLeach,AECT,1
AnnaRoseLeach,myramade,1
MDRogers360,AECTTechTrends,1
LEDresearch,correia65,1
NeumannKL,AECT,2
NeumannKL,BobBodily,1
NeumannKL,tedaect,4
NeumannKL,DKSch,1
NeumannKL,francesmarg,1
widged,BoufflersLydie,1
DrTerriC,tel_education,3
DrTerriC,ekowch,1
DrTerriC,AECT,4
DrTerriC,michaelmgrant,2
DrTerriC,MicrosoftTeams,1
DrTerriC,utexascoe,1
DrTerriC,oueducation,1
DrTerriC,kellyeross16,1
DrTerriC,buckydodd,1
DrTerriC,lyft,1
DrTerriC,JennWillTeach,1
DrTerriC,art_brownlow,1
DrTerriC,ugkale,1
DrTerriC,BChirgwin,1
DrTerriC,MiTEconference,1
DrTerriC,nachodaddylv,1
DrTerriC,tedaect,1
DrTerriC,dctrcurry,1
DrTerriC,PinballHallFame,1
DrTerriC,anneleftwich,1
DrTerriC,robmoore3,1
LaurenBagdy,LaurenBagdy,1
Captain_Fess,AECTTIL,4
Captain_Fess,SpheroEdu,1
Captain_Fess,TheMakerBit,1
Captain_Fess,rogerwagner,1
profoyarzun,profoyarzun,2
yiyishishi,utexascoe,2
DrVirtuality,aectclt,21
DrVirtuality,lynnhummel,2
DrVirtuality,PAECT,1
DrVirtuality,nwpaect,1
DrVirtuality,classcraftgame,1
DrVirtuality,JenM,1
DrVirtuality,roycekimmons,1
DrVirtuality,aect19,2
DrVirtuality,NancyeBlackEdu,2
DrVirtuality,gsa_aect,3
DrRossPerkins,steph_moore,1
DrRossPerkins,AECT,3
DrRossPerkins,JCHEResearch,1
DrRossPerkins,AECTTechTrends,1
DrRossPerkins,aectdddivision,1
DrRossPerkins,JenM,1
DrRossPerkins,design4learn,1
kolorkid,opencontent,1
kolorkid,richardewest,1
DKSch,michaelmgrant,1
DKSch,TheMakerBit,3
DKSch,BoufflersLydie,1
DKSch,SpheroEdu,1
DKSch,tecfa,4
DKSch,rogerwagner,2
DKSch,faclab,1
DKSch,MSMakeCode,1
DKSch,FacLabUnige,3
RealMelissaWarr,punyamishra,1
FakeBobGagne,1a,1
FakeBobGagne,FakeBobGagne,1
FakeBobGagne,mlsswltr,1
FakeBobGagne,FakeDavidWiley,1
FakeBobGagne,FakeJimKlein,1
techedges,utexascoe,3
techedges,AECT,1
techedges,bretsw,1
BrendaPadilla,AECTTechTrends,1
ChangeIt4Better,adriannewilson_,1
ChangeIt4Better,UT_IDT,1
ChangeIt4Better,UTampaEDU,1
ChangeIt4Better,drpark_id,1
ChangeIt4Better,MSU_EDD,1
ChangeIt4Better,IUSchoolofEd,1
ChangeIt4Better,fsu,1
ChangeIt4Better,AlbertRitzhaupt,1
MuratTurkEd,goformative,1
MuratTurkEd,gsa_aect,2
DeLibrosCorazon,austinkleon,1
DeLibrosCorazon,AECT,2
dan_holtey,UMNews,1
oueducation,tel_education,1
oueducation,oueducation,1
tel_education,tel_education,1
tel_education,oueducation,1
art_brownlow,AECT,3
art_brownlow,DrTerriC,1
TenaciousTan,quincyconley,1
OT_Pattie,michaelmgrant,1
OT_Pattie,AECT,1
OT_Pattie,UofSCEducation,1
d_mulder,edtechbsu,2
d_mulder,hodgesc,1
d_mulder,profoyarzun,1
gravesle,carriejill,1
gravesle,femedtech,1
gravesle,FindingAda,1
gravesle,tech4teachers19,1
gravesle,JenM,2
gravesle,tadousay,2
gravesle,jrosenberg6432,1
JCHEResearch,AECT,1
JCHEResearch,michaelmgrant,1
JCHEResearch,dctrcurry,1
kariword,LaurenBagdy,1
kariword,vdennen,1
kariword,eromerohall,1
kariword,WestgateVegas,1
kariword,hourofcode,1
kariword,anotherbrittany,1
kariword,RitaFennelly,1
kariword,WEHSLibrary,1
kariword,KathyMansfield,1
ISLT_FSU,LaurenBagdy,3
ISLT_FSU,vdennen,5
ISLT_FSU,ChihPuDai,2
ISLT_FSU,hajeen2040,1
ISLT_FSU,Ginny7s,1
ISLT_FSU,hajeenzang,1
LearnEngage,AECT,10
LearnEngage,valarywithawhy,1
LearnEngage,UNTsocial,1
LearnEngage,ECNUER,1
LearnEngage,caranorth11,1
LearnEngage,okstate,1
LearnEngage,"NASA",1
LearnEngage,"NASASTEM",1
LearnEngage,github,1
ericpaulrogers,camille_dd,1
ericpaulrogers,spgreenhalgh,1
ericpaulrogers,bretsw,1
ifenthaler,gsa_aect,2
ifenthaler,AECT,2
ifenthaler,ifenthaler,3
ifenthaler,andrewatawfik,1
ifenthaler,SpringerEdu,1
steph_moore,AECT,2
steph_moore,eromerohall,1
steph_moore,tugcealdemirpsu,1
steph_moore,vdennen,1
steph_moore,veletsianos,1
JMUTLT,IndianaUniv,1
DLResearchLab,ge_xun,1
DLResearchLab,VVongkulluksn,2
DLResearchLab,hawk_nathanA,2
DLResearchLab,Nelsmich,2
DLResearchLab,ShengBo_Chen,1
DLResearchLab,DLResearchLab,1
pazureka,yaukable,1
pazureka,UMN_CI,2
pazureka,JolieKennedy,1
pazureka,LTMediaLab,1
pazureka,GingerWatsonPhD,2
pazureka,WestgateVegas,1
pazureka,UMNews,1
pazureka,UNTsocial,1
pazureka,ECNUER,1
valarywithawhy,ifenthaler,1
valarywithawhy,AECT,1
tcallaghan55,AECT,1
buckydodd,tel_education,1
buckydodd,oueducation,1
Tahanialdo,SpringerEdu,1
okstate_etc,EdTechOkstate,1
hampthephd,AlbertRitzhaupt,2
hampthephd,hampthephd,1
BChirgwin,lyft,1
SBarksway,JolieKennedy,1
SBarksway,LTMediaLab,1
SBarksway,UMN_CI,2
SBarksway,AECT,1
SBarksway,jmenglund03,1
literacyandland,SpringerEdu,1
MelGoodEDU,AECT,2
amy_c_bradshaw,ge_xun,1
amy_c_bradshaw,camille_dd,1
rmreese1,MeganCMurtaugh,1
rmreese1,AECT,1
rmreese1,aectddl,1
nangur1,spgreenhalgh,3
nangur1,veletsianos,2
nangur1,AECT,3
nangur1,hodgesc,1
nangur1,khuett,1
nangur1,eromerohall,2
AECTTIL,nicolapallitt,1
AECTTIL,AECTTIL,1
AECTTIL,SpheroEdu,1
MoniIDD,AECT,1
MoniIDD,michaelmgrant,1
MoniIDD,UNTsocial,1
MoniIDD,ECNUER,1
AllisonHallAZ,valarywithawhy,1
AllisonHallAZ,edtechbsu,1
roycekimmons,JenM,1
roycekimmons,roycekimmons,1
roycekimmons,hederjon,1
_ThanhDo,YamChaivisit,1
_ThanhDo,EdTechOkstate,1
arasbozkurt,tugcealdemirpsu,3
arasbozkurt,vdennen,3
arasbozkurt,veletsianos,3
arasbozkurt,yvzkblt,1
arasbozkurt,AECT,4
arasbozkurt,michaelmgrant,1
arasbozkurt,DrTerriC,1
arasbozkurt,caranorth11,1
arasbozkurt,ISLT_FSU,1
arasbozkurt,DKSch,1
arasbozkurt,WilsonInEdu,1
arasbozkurt,DrVirtuality,1
arasbozkurt,robmoore3,1
arasbozkurt,plowenthal,1
arasbozkurt,opencontent,1
arasbozkurt,johnhiltoniii,1
arasbozkurt,Publons,1
arasbozkurt,PeerRevWeek,1
NancyeBlackEdu,AECT,2
NancyeBlackEdu,AECTGSA,1
NancyeBlackEdu,PaulineMuljana,1
NancyeBlackEdu,Stephsteph83,1
FanXU92073425,correia65,2
FanXU92073425,caranorth11,1
FanXU92073425,AnnaRoseLeach,1
FanXU92073425,travelinedman,1
FanXU92073425,SICET,1
FanXU92073425,Happy_Tao,1
TAmankwatia,AECT,1
TAmankwatia,aectdddivision,1
TAmankwatia,aectddl,1
AsianJde,michaelmgrant,1
C21U,GeorgiaTech,1
C21U,AECT,1
traceyhabla,utexascoe,1
utexascoe,utexascoe,1
okstate_ehs,EdTechOkstate,1
kzenovka,AECT,1
kcsabina_,kcsabina_,1
Happy_Tao,UofSCEducation,1
Happy_Tao,akesha,1
Happy_Tao,AECT,1
jayphd18,EdTechOkstate,1
jennkepka,edtech_prokes,1
jennkepka,edtechbsu,1
jennkepka,Jeanna_Cronk,1
JenM,aectdddivision,1
JenM,design4learn,2
JenM,JenM,1
digitalNFTarts,tutaleni,1
36trusso,tedaect,1
EdTechAGP,Jeanna_Cronk,1
EdTechAGP,NorthwoodU,1
EdTechAGP,AECT,3
EdTechAGP,edtech_prokes,1
EdTechAGP,plowenthal,1
matt_m_schmidt,immersiveLRN,1
SardImperium,ifenthaler,1
SardImperium,AECT,1
SardImperium,valarywithawhy,1
AleEscobedo_,AECT,1
rebeccamclark87,TheMakerBit,4
Calcaware,AECT,1
Calcaware,SICET,1
Calcaware,caet,1
nikiwats23,ConnectWise,1
nikiwats23,jennird,1
nikiwats23,AECT,1
EdTech_UofSC,UofSCEducation,2
EdTech_UofSC,michaelmgrant,1
VanekJen,WorldEdUS,2
VanekJen,design4learn,1
VanekJen,JenM,1
VanekJen,IndianaUniv,1
VanekJen,gsa_aect,1
NaterciaValle,bretsw,1
NaterciaValle,spgreenhalgh,1
mkbtuc,AECT,1
JNWhiting,opencontent,1
drclintonlisell,opencontent,1
KSUITEC,KSUITEC,2
KSUITEC,ksuiteach,2
EvidenceRobot,hampthephd,1
EvidenceRobot,AlbertRitzhaupt,1
EvidenceRobot,KSUITEC,1
Stephsteph83,KSUITEC,2
Stephsteph83,fetc,1
Stephsteph83,GaETConf,1
Stephsteph83,Durrahville,1
Stephsteph83,nearpod,1
Stephsteph83,KristenBrooks77,1
Stephsteph83,MissRioux,1
Stephsteph83,drjabaricain,1
UT_IDT,anusbrah,1
UT_IDT,UT_IDT,2
UT_IDT,UofTampa,1
UT_IDT,univmiami,1
UT_IDT,GingerWatsonPhD,1
UT_IDT,eromerohall,1
UT_IDT,adriannewilson_,1
JMUEngaged,AECT,1
JMUEngaged,aectclt,1
JMUEngaged,nicolapallitt,1
johnhiltoniii,opencontent,1
dctrcurry,kolorkid,1
hajeen2040,vdennen,1
hajeen2040,SBarksway,1
andrewatawfik,ifenthaler,2
andrewatawfik,andrewatawfik,1
andrewatawfik,dctrcurry,1
Alhareeri,AECT,1
susiegronseth,professordaveme,1
susiegronseth,UHCOE,1
SambitPhD,EmmaMMercier,1
SambitPhD,JJ1206,1
JJ1206,LuEMLawrence,1
JJ1206,edILLINOIS,1
opencontent,johnhiltoniii,2
LT_UMN,SBarksway,1
sjblevin,DanielCoyle,1
nateturcotte22,AECT,1
ZhenXu0905,edneuro,1
ZhenXu0905,smreeves1,1
Livn2Learn,NickSarillo,1
Livn2Learn,ifenthaler,1
FiratSarsar,gsa_aect,1
FiratSarsar,AECT,1
jbrishke,AECT,1
jbrishke,GatorsFB,1
michelestork,AECT,1
michelestork,AECTTIL,1
nicole_youmans,Stephsteph83,1
ElaTheGrad,AECTTechTrends,1
ElaTheGrad,ifenthaler,1
ElaTheGrad,andrewatawfik,1
EmmaMMercier,edILLINOIS,1
hhuijser,gsa_aect,1
Gaston_teach,USouthAL_CoInS,1
LuEMLawrence,EmmaMMercier,1
LuEMLawrence,JJ1206,1
plowenthal,robmoore3,1
LightbulbJo,JenM,1
LightbulbJo,roycekimmons,1
NevadaEdChat,anneleftwich,1
NevadaEdChat,robmoore3,1
AectInternship,michaelmgrant,1
AectInternship,kiranbudhrani,1
AectInternship,LaurenBagdy,1
AectInternship,nateturcotte22,1
cmmarqua,ge_xun,1
aectdddivision,design4learn,1
aectdddivision,AECT,1
MhammedSahafi,KSUITEC,1
UofSC_CTE,RobBranch,1
srogidd,bsimunich,1
srogidd,aectclt,2
srogidd,aectddl,1
srogidd,AECT,1
LF_Hampton,LearningFocused,1
Natachu,caranorth11,1
MissKBurek,AECT,1
MissKBurek,aectclt,1
lxdify,jachutchinson,1
livesimpleread,caranorth11,1
mwhaile,caranorth11,1
PhDprep,caranorth11,1
DonnyBoy71,caranorth11,1
ekowch,AECT,1
ekowch,edtechchat,1
Mike_Kunkle,caranorth11,1
CecilRShort,AECT,1
CecilRShort,tedaect,1
ChristyATucker,caranorth11,1
Joseph_Suarez,caranorth11,1
MMJoly,michaelmgrant,1
AYSUN_GUNES,AECT,1
TheTracieCantu,KristenLearning,1
TeddyISD,AECT,1
guywwallace,AECTTechTrends,1
